keyword,status,competitor
best customer data platform,"GAP: competitor covers, you don't",PulseGrid
best session replay tools,"GAP: competitor covers, you don't",PulseGrid
jtbd framework,"GAP: competitor covers, you don't",PulseGrid
what is pql,"GAP: competitor covers, you don't",PulseGrid
best heatmap tools,"GAP: competitor covers, you don't",PulseGrid
best mobile analytics tools,"GAP: competitor covers, you don't",PulseGrid
heatmap analytics,"GAP: competitor covers, you don't",PulseGrid
multi-touch attribution modeling,"GAP: competitor covers, you don't",PulseGrid
reverse etl,"GAP: competitor covers, you don't",PulseGrid
onboarding funnel optimization,"GAP: competitor covers, you don't",PulseGrid
funnel drop-off analysis,"GAP: competitor covers, you don't",PulseGrid
product-led seo strategy,"GAP: competitor covers, you don't",PulseGrid
push notification strategy,"GAP: competitor covers, you don't",PulseGrid
email engagement tracking setup,"GAP: competitor covers, you don't",PulseGrid
product narrative,"ADVANTAGE: you cover, competitor doesn't",PulseGrid
narrative metrics,"ADVANTAGE: you cover, competitor doesn't",PulseGrid
lumenflow signals,"ADVANTAGE: you cover, competitor doesn't",PulseGrid
demo experience analytics,"ADVANTAGE: you cover, competitor doesn't",PulseGrid
founder dashboards,"ADVANTAGE: you cover, competitor doesn't",PulseGrid
event schema design,SHARED: both cover,PulseGrid
ab testing framework,SHARED: both cover,PulseGrid
customer analytics platform,SHARED: both cover,PulseGrid
product telemetry,SHARED: both cover,PulseGrid
user behavior tracking,SHARED: both cover,PulseGrid
feature adoption,SHARED: both cover,PulseGrid
funnel analysis,SHARED: both cover,PulseGrid
