url,reason
https://lumenflow.demo/blog/short-update-q1-recap,thin content (184 words)
https://lumenflow.demo/blog/quick-product-news,thin content (142 words)
https://lumenflow.demo/post/customer-spotlight-stub,thin content (98 words)
https://lumenflow.demo/services/integration-consulting,thin content (218 words)
https://lumenflow.demo/services/data-migration,thin content (156 words)
https://lumenflow.demo/case-study/empty-stub,thin content (87 words)
https://lumenflow.demo/industries/healthcare,thin content (124 words)
https://lumenflow.demo/industries/fintech,thin content (162 words)
https://lumenflow.demo/guide/getting-started-stub,thin content (78 words)
https://lumenflow.demo/author/sam-rivera,thin content (94 words)
https://lumenflow.demo/author/priya-shah,thin content (112 words)
https://lumenflow.demo/post/release-notes-2026-04,thin content (105 words)
https://lumenflow.demo/pricing,thin content (128 words)
https://lumenflow.demo/login,thin content (66 words)
https://lumenflow.demo/signup,thin content (91 words)
https://lumenflow.demo/games/quiz,thin content (138 words)
https://lumenflow.demo/customers,thin content (83 words)
https://lumenflow.demo/integrations,thin content (39 words)
https://lumenflow.demo/legal/privacy,thin content (133 words)
